{"image9": {"use": 0.026430677022261186, "french firm total": 0.0258150468639657, "norway": 0.02762452699944357, "incid": 0.05718874977795978, "monday": 0.03133746727159008, "samsung": 0.06225943278930596, "peopl": 0.06079135226753747, "busan": 0.033054115300171154, "south korea": 0.026131544478027, "subcontractor": 0.02819255051424048, "understood": 0.03215038882212554, "martin ling oil field": 0.028521746279219048, "geoj": 0.032753091131906685, "oil platform": 0.047000913449794665, "victim": 0.03422495678905581, "yonhap news agenc": 0.05247891074770408, "north sea": 0.02785041803231325, "rescuer": 0.03204372211991618, "crane": 0.026870869318746663, "well bay modul": 0.028042567444729462}, "image8": {"emerg servic": 0.05898834750587225, "base station": 0.0489197190019074, "finnish tech firm nokia": 0.022985876898507028, "last": 0.022337608560762168, "rescu": 0.020679109401944076, "british mobil oper ee": 0.021340468053545524, "internet connect": 0.02260364764326872, "slow emerg respons time": 0.025996481523784996, "scotland": 0.021559414435019165, "idea": 0.021015535514777875, "radiu": 0.020540419934281004, "consum": 0.025648142882153828, "instant": 0.020575207273362102, "drone": 0.10133785191996568, "rural area": 0.039140993347379645, "higher mortal rate": 0.025097969858895834, "year": 0.022399697107639442, "inspect build": 0.03785611149432574, "mobil": 0.07960629355088888, "infrastructur": 0.022017124829696956}, "image3": {"competit": 0.04199903734037984, "marseil": 0.027237138863203697, "goal": 0.033095341851857, "salzburg": 0.017418953000740582, "season": 0.028256126220718086, "clinton njie": 0.017082114549075517, "first leg": 0.020964375768445443, "cameroon": 0.017678414754436593, "florian thauvin": 0.019347812720032487, "ex-west ham forward payet": 0.018744028155845558, "former newcastl winger thauvin": 0.018888937247641242, "europa leagu semi-fin": 0.026236241774279058, "free-kick": 0.01760505922532698, "good fortun": 0.019051139352879755, "home": 0.03132480589460894, "dimitri payet": 0.04902383161755479, "austrian bundesliga leader": 0.03073650857888177, "side": 0.028242995294123413, "rudi garcia": 0.017637476462803867, "fredrik gulbrandsen": 0.018242813435904108}, "image2": {"posit reaction": 0.023923344436343343, "competitor": 0.03384269052274247, "next forti": 0.02616627224611186, "coupl": 0.033181107121950534, "spectat": 0.02460094066868988, "pool anecdot": 0.0442696548756333, "twitter": 0.02687396349429314, "whole interact": 0.02440781870999663, "ladi": 0.08804458762204463, "edinburgh last friday": 0.030423411468003793, "public session": 0.0339630515099501, "olympian": 0.03785671753113189, "inkl": 0.02387689193753408, "bristol": 0.024163188200374025, "time": 0.03315209327219814, "lizzi simmond": 0.11270461278216184, "sport": 0.023886855738279256, "olymp": 0.02923376542598907, "public swim pool": 0.027763007814397674, "store": 0.024680752596815035}, "image1": {"spokesman": 0.02747661668958248, "head": 0.029546275098942844, "woman": 0.026520312474102782, "engin": 0.03203716978547783, "neck": 0.03129194725426839, "new mexico": 0.02659332300062548, "torso": 0.029874729258966944, "public health": 0.028378834276233143, "albuquerqu": 0.028634701303407246, "philadelphia": 0.04836382844488938, "passeng": 0.041216534540961365, "blunt impact trauma": 0.028634946286259552, "degre": 0.03745261423141528, "plane": 0.059378972612508255, "window next": 0.03835370649029132, "jennif riordan": 0.055213284949991615, "sumwalt": 0.026900085114981404, "minor injuri": 0.031637372092100595, "cabin": 0.026115290858841796, "pilot": 0.03523901605523094}, "image7": {"llandudno": 0.028203398364063104, "m56": 0.025883931591070063, "chemistri lane": 0.036031087909273236, "deesid industri estat": 0.04486275263951105, "a55": 0.025647374882361757, "fire": 0.06479602914473968, "wrexham": 0.028438429010146492, "tackl": 0.026517172054726066, "rescu servic": 0.025763672829025818, "nearbi resid": 0.024465814297078458, "bst": 0.027882205637163877, "window": 0.0254350356705306, "factori road": 0.04099597671912334, "blaze": 0.05492678352940555, "smoke": 0.05520541754525263, "flint": 0.029251858941243717, "buckley": 0.02945590474134799, "firefight": 0.025839999931954155, "mold": 0.029190116756323593, "motorist": 0.028009156481671574}, "image6": {"canada": 0.033241040493319905, "franc": 0.04147210321445858, "variou european countri": 0.04006053684340224, "25-26 april": 0.045515934956914444, "onlin site": 0.029686559528445983, "internet propaganda": 0.030464113178060793, "major blow": 0.02928191298737728, "intern oper": 0.08569638410522772, "romania": 0.036338136557885814, "data": 0.027779877230338517, "europol": 0.08224543424250282, "sever languag": 0.032983747193584656, "netherland": 0.03920443099666974, "eu member": 0.03780652882712905, "belgium": 0.04429492509558008, "cyber specialist": 0.046046466465212446, "eu polic agenc europol": 0.030569444807203503, "amaq new agenc": 0.027810187591793066, "islam state group": 0.043536736294502464, "bulgaria": 0.04424321910722668}, "image5": {"bail": 0.03475525069983183, "driver failur": 0.05385383384065419, "woman": 0.08557884414663613, "safeti": 0.057128352544589756, "april": 0.030254459287543473, "waterbeach level": 0.07410249758049295, "car": 0.045934259336524466, "specimen": 0.048714259160063805, "suspicion": 0.041988505622656214, "level cross": 0.04863064935087369, "crash": 0.04807315103109672, "bst": 0.04686755618514102, "cambridgeshir": 0.08597542307697874, "intent": 0.05534719459764381, "train": 0.037991788390652814, "march": 0.05354977689754016, "railway": 0.05902862436443869, "minor injuri": 0.03879701955240328, "unlaw act": 0.053428554334238265}, "image4": {"firm": 0.019601614701708337, "water pipe": 0.02991941499166545, "shut": 0.02517138721974815, "south staffordshir water": 0.03223912349332184, "engin": 0.023457208984030687, "sandwel": 0.042413818938345706, "debri": 0.021034653931011543, "floodwat": 0.030497599826397746, "submerg car": 0.051488549283985656, "friday": 0.024311137856508312, "water level": 0.023011366562691427, "school": 0.025045484178283783, "thursday": 0.023364684087032087, "mud": 0.020964617100267632, "burst main": 0.0469154097642457, "bst": 0.020370257011147253, "suppli": 0.031350784766986106, "wednesburi flood": 0.031109539511379937, "digger": 0.051210256932211345, "road": 0.07682086151736718}}